{"cameraMode":{"drawMode":0,"name":"Shaded","section":"Shading Mode"},"sceneLighting":true,"audioPlay":false,"sceneViewState":{"m_AlwaysRefresh":true,"showFog":true,"showSkybox":true,"showFlares":true,"showImageEffects":true,"showParticleSystems":true,"showVisualEffectGraphs":true,"m_FxEnabled":true},"in2DMode":false,"pivot":{"x":-31.484954833984376,"y":-0.07931709289550781,"z":-44.23843765258789},"rotation":{"x":-0.029109347611665727,"y":0.9704247117042542,"z":-0.15143239498138429,"w":-0.1861734837293625},"size":38.018890380859378,"orthographic":false}