{"cameraMode":{"drawMode":0,"name":"Shaded","section":"Shading Mode"},"sceneLighting":true,"audioPlay":false,"sceneViewState":{"m_AlwaysRefresh":true,"showFog":true,"showSkybox":true,"showFlares":true,"showImageEffects":true,"showParticleSystems":true,"showVisualEffectGraphs":true,"m_FxEnabled":true},"in2DMode":false,"pivot":{"x":-12.780746459960938,"y":-0.007480025291442871,"z":4.480000019073486},"rotation":{"x":-0.029109347611665727,"y":0.9704247117042542,"z":-0.15143239498138429,"w":-0.1861734837293625},"size":13.46475601196289,"orthographic":false}