{"cameraMode":{"drawMode":0,"name":"Shaded","section":"Shading Mode"},"sceneLighting":true,"audioPlay":false,"sceneViewState":{"m_AlwaysRefresh":true,"showFog":true,"showSkybox":true,"showFlares":true,"showImageEffects":true,"showParticleSystems":true,"showVisualEffectGraphs":true,"m_FxEnabled":true},"in2DMode":false,"pivot":{"x":-1.1399999856948853,"y":1.0099999904632569,"z":-5.460000038146973},"rotation":{"x":-0.13536033034324647,"y":0.1887720227241516,"z":-0.026243137195706369,"w":-0.9723783731460571},"size":0.7542941570281982,"orthographic":false}